date,outlet,claim,url,evidence_class,comparable_to_model
2024-02-01,ClarIN,"up to 6 hours wait; queue over last 3 km on route 7; 7 car + 5 bus booths until 14:30 then 6 more booths in patio mixto; 90 min wait at 20:00; 50+ buses; 15000+ people in 48h",https://wwwgcp.clarin.com/ultimo-momento/fin-semana-largo-volvio-furor-compras-chile-6-horas-colas-15000-personas-paso-cristo-redentor_0_OcMdgIfllw.html,ANECDOTAL,"no - measured on the Argentine side upstream of the tunnel; the model measures from arrival at the complex. Also a peak-day holiday anecdote, not a typical day. PUBLICATION DATE 2024-02-01, article concerns the Dia de la Raza long weekend of Oct 2024; an earlier draft of this file mis-dated it 2025-10-11 and that error is corrected here."
2024-02-01,ClarIN,"7718 travellers toward Santiago/Valparaiso on the Friday of the long weekend, vs a stated baseline of about 2500 travellers/day in September and October (citing Gendarmeria Nacional via Osvaldo Valle, frontera coordinator)",https://wwwgcp.clarin.com/ultimo-momento/fin-semana-largo-volvio-furor-compras-chile-6-horas-colas-15000-personas-paso-cristo-redentor_0_OcMdgIfllw.html,ANECDOTAL,"partial - travellers not vehicles, and it aggregates BOTH Cristo Redentor and Los Libertadores, so it is not the same population as the MOP light-vehicle series. Weak cross-check only: the ~2500/day Sept-Oct baseline is the same order as MOP Oct-2024 731 veh/day x the MOP 2018 ratio of 3.2 persons/veh = 2339 persons/day. Suggestive, NOT a validation."
2021-04-06,Sitio Andino,"cargo delays reaching 13 hours or more; about 800 trucks/day; SENASA Uspallata has 3 staff, works 08:00-20:00; night demand 7-8 trucks",https://www.sitioandino.com.ar/n/351188-atencion-24-horas-y-mas-integracion-con-chile-el-plan-para-facilitar-el-control-fronterizo-de-cargas,ANECDOTAL,no - freight only; this model is light vehicles only.
2026-08-09,TN,normal capacity 500-600 trucks/day; winter window about 12 h/day; 5-6 days to clear a backlog; over 1500 trucks stranded,https://tn.com.ar/sociedad/2026/08/09/paso-cristo-redentor-el-fuerte-temporal-obligo-a-suspender-el-transito-entre-la-argentina-y-chile,ANECDOTAL,"no - freight only. The 12 h/day winter window is the same order as the 12 h press-corroborated light-vehicle window, which is the only usable part."
2026-08-06,Infobae,about 2000 trucks in Mendoza / 1200 in Neuquen; Pehuenche detour adds 2000 km and about 48 h waits,https://www.infobae.com/sociedad/2026/08/06/miles-de-camiones-siguen-varados-en-la-frontera-con-chile-y-alertan-por-nuevas-nevadas-fuertes-en-la-zona,ANECDOTAL,no - freight only.
2026-08-10,ClarIN,"record 27 days closed, beating 26 days in 2023; USD 600/day loss per truck; winds 100-160 km/h",https://www.clarin.com/sociedad/paso-cristo-redentor-cumple-record-dias-cerrado-nieve-quejas-camioneros-perdidas-millonarias_0_Hc1YfQYZPZ.html,ANECDOTAL,no - freight losses; but the closure duration is usable as a scenario duration.
2026-08-14,Prensa Latina,"70% of land cargo between the two countries transits this crossing - Sergio Salazar, head of UPF",https://www.prensa-latina.cu/2026/08/14/paso-los-libertadores-entre-chile-y-argentina-lleva-un-mes-cerrado,ANECDOTAL,"no - freight share; named-attribute interview, not a measurement."
2026-08-17,BioBioChile,"34 days closed; staged reopening 08:00-20:00 Chile time; AR->CL Aug 18-20, direction reversed Aug 21-22",https://www.biobiochile.cl/noticias/nacional/chile/2026/08/17/confirman-reapertura-de-paso-los-libertadores-tras-historico-cierre-por-mas-de-un-mes.shtml,ANECDOTAL,"partial - the staged-reopening window and the direction reversal are a real operating pattern and are modeled as a scenario; the 34-day figure is a closure duration, not a wait."
2026-02-18,Infobae,"full 24-hour closure both directions, all vehicles, from 10:00 Feb 19 to 12:00 Feb 20 for Aedes aegypti disinfection",https://www.infobae.com/sociedad/2026/02/18/cerraran-por-24-horas-el-paso-internacional-de-mendoza-a-chile-para-desinfectar-por-dengue,ANECDOTAL,"partial - a dated, fully specified closure, modeled exactly as a scenario. The 26-hour window exceeds the stated 24 h; modeled with the stated endpoints."
2024-02-01,ClarIN,"after a record 34-day closure, 250 trucks crossed by 11:30, about 800 expected that day, about 3500 trucks queued",https://www.clarin.com/sociedad/mendoza-cierre-record-34-dias-habilito-paso-cristo-redentor-chile-sistema-capsulas_0_pv3ihLnKBo.html,ANECDOTAL,"no - freight only, and 2024-02 predates the 20-month MOP series."
