parameter,value,unit,source,url,confidence,note
simultaneous_vehicle_capacity_complex,15,vehicles,"MOP Direccion General de Concesiones de Obras Publicas, monthly state report",https://concesiones.mop.gob.cl/project/concesion-complejo-fronterizo-los-libertadores,OBSERVED,Raised from 3-5 to 15. Maps to model field space_capacity (control-area occupancy).
simultaneous_vehicle_capacity_complex_previous_low,3,vehicles,"MOP Direccion General de Concesiones de Obras Publicas, monthly state report",https://concesiones.mop.gob.cl/project/concesion-complejo-fronterizo-los-libertadores,OBSERVED,Previous lower bound of the 3-5 range.
simultaneous_vehicle_capacity_complex_previous_high,5,vehicles,"MOP Direccion General de Concesiones de Obras Publicas, monthly state report",https://concesiones.mop.gob.cl/project/concesion-complejo-fronterizo-los-libertadores,OBSERVED,Previous upper bound of the 3-5 range.
car_booths_2024_02_01,7,booths,"ClarIN, 2024-02-01",https://wwwgcp.clarin.com/ultimo-momento/fin-semana-largo-volvio-furor-compras-chile-6-horas-colas-15000-personas-paso-cristo-redentor_0_OcMdgIfllw.html,OBSERVED,Car booths staffed on 2024-02-01. Maps to model field n_booths.
bus_booths_2024_02_01,5,booths,"ClarIN, 2024-02-01",https://wwwgcp.clarin.com/ultimo-momento/fin-semana-largo-volvio-furor-compras-chile-6-horas-colas-15000-personas-paso-cristo-redentor_0_OcMdgIfllw.html,OBSERVED,"Bus booths, same date. Excluded: this model is light vehicles only."
additional_booths_on_demand_2024_02_01,6,booths,"ClarIN, 2024-02-01",https://wwwgcp.clarin.com/ultimo-momento/fin-semana-largo-volvio-furor-compras-chile-6-horas-colas-15000-personas-paso-cristo-redentor_0_OcMdgIfllw.html,OBSERVED,"Six more booths opened on demand in the patio mixto after 14:30. Trigger rule for opening them is NOT published; modeled as an alternative configuration, not as a dynamic rule."
persons_2018,1203488,persons,"MOP, inauguration release of the Nuevo Complejo Fronterizo Los Libertadores",https://concesiones.mop.gob.cl/presidente-pinera-inauguro-nuevo-complejo-fronterizo-los-libertadores,OBSERVED,"Inbound to Chile, calendar year 2018."
vehicles_2018,376198,vehicles,"MOP, inauguration release of the Nuevo Complejo Fronterizo Los Libertadores",https://concesiones.mop.gob.cl/presidente-pinera-inauguro-nuevo-complejo-fronterizo-los-libertadores,OBSERVED,"Inbound to Chile, calendar year 2018."
persons_per_vehicle_2018,3.2,persons/vehicle,"MOP, inauguration release of the Nuevo Complejo Fronterizo Los Libertadores",https://concesiones.mop.gob.cl/presidente-pinera-inauguro-nuevo-complejo-fronterizo-los-libertadores,DERIVED,"DERIVED from published totals: 1203488 / 376198 = 3.199. Replaces the 3.9 figure from an earlier version, which came from a press figure. Used as model field persons_per_vehicle."
winter_opening_hours_AR_to_CL,09:00-21:00,local time (UTC-3),"Sitio Andino, border-crossing status page",https://www.sitioandino.com.ar/pasos-fronterizos/paso-los-libertadores-hoy-estado-horario-y-demoras-n5727081,OBSERVED,"Winter (1 Jun - 31 Aug), direction Argentina -> Chile. Press-corroborated. The 20:00 report of a 90-minute wait is consistent with a 21:00 close."
winter_opening_hours_CL_to_AR,08:00-20:00,local time (UTC-3),"Sitio Andino, border-crossing status page",https://www.sitioandino.com.ar/pasos-fronterizos/paso-los-libertadores-hoy-estado-horario-y-demoras-n5727081,OBSERVED,"Winter (1 Jun - 31 Aug), direction Chile -> Argentina. Not used by this model."
opening_hours_argentina_vicejefatura,operativo las 24 h,local time (UTC-3),"Argentina, Vicejefatura de Fronteras (centros de frontera)",https://www.argentina.gob.ar/interior/centros-de-frontera/cristo-redentor,CONFLICTING,UNRESOLVED CONFLICT with the row below. Vicejefatura states the crossing is operational 24 h. Exposed as model option hours_regime='argentina_24h'.
opening_hours_ministrio_del_interior,09:30-20:30 winter; 24 h summer,local time (UTC-3),"Argentina, Ministerio del Interior (paso 105)",https://mininterior.gob.ar/fronteras/paso-105.php,CONFLICTING,UNRESOLVED CONFLICT with the row above. Also conflicts with the press-corroborated 09:00-21:00. Exposed as model option hours_regime='argentina_0930_2030'.
closure_regime,May to September: partial or total closures occur,text,Ministerio del Interior (paso 105),https://mininterior.gob.ar/fronteras/paso-105.php,OBSERVED,"Establishes the winter closure regime. Specific closure dates and durations are not published; the model applies closures as explicit dated scenarios, not as an invented stochastic rate."
upstream_waiting_lots,Uspallata; Penitentes; Punta de Vacas; Puente del Inca,text,Sitio Andino / tandem sources listed in README,https://www.sitioandino.com.ar/pasos-fronterizos/paso-los-libertadores-hoy-estado-horario-y-demoras-n5727081,OBSERVED,Argentine-side staging areas. These are the physical basis for the reneging mechanism: a driver that sees an excessive queue can hold at these lots.
control_regime,A.C.I. integrated control under Res. GMC 49/02 Turismo,text,"MOP, Nuevo Complejo Fronterizo Los Libertadores",https://concesiones.mop.gob.cl/presidente-pinera-inauguro-nuevo-complejo-fronterizo-los-libertadores,OBSERVED,"Aduana, Carabineros and SAG together; justifies a single pooled service time rather than per-agency queues."
migraciones_SALIDA_2019,847258,vehicles/people movements,"Argentina, Direccion Nacional de Migraciones, Sistema Cristo Redentor",https://www.argentina.gob.ar/migraciones/estadisticas-movimientos-migratorios,OBSERVED,SCOPE MISMATCH: exit from Argentina (Chile->Argentina) and it aggregates Cristo Redentor + Horcones + Uspallata. NOT used to calibrate the light-vehicle model.
migraciones_SALIDA_2020,436735,vehicles/people movements,"Argentina, Direccion Nacional de Migraciones, Sistema Cristo Redentor",https://www.argentina.gob.ar/migraciones/estadisticas-movimientos-migratorios,OBSERVED,"SCOPE MISMATCH, see 2019 row."
migraciones_SALIDA_2021,242141,vehicles/people movements,"Argentina, Direccion Nacional de Migraciones, Sistema Cristo Redentor",https://www.argentina.gob.ar/migraciones/estadisticas-movimientos-migratorios,OBSERVED,"SCOPE MISMATCH, see 2019 row."
migraciones_SALIDA_2022,683610,vehicles/people movements,"Argentina, Direccion Nacional de Migraciones, Sistema Cristo Redentor",https://www.argentina.gob.ar/migraciones/estadisticas-movimientos-migratorios,OBSERVED,"SCOPE MISMATCH, see 2019 row."
migraciones_SALIDA_2023,1055777,vehicles/people movements,"Argentina, Direccion Nacional de Migraciones, Sistema Cristo Redentor",https://www.argentina.gob.ar/migraciones/estadisticas-movimientos-migratorios,OBSERVED,"SCOPE MISMATCH, see 2019 row."
migraciones_SALIDA_2024,1097429,vehicles/people movements,"Argentina, Direccion Nacional de Migraciones, Sistema Cristo Redentor",https://www.argentina.gob.ar/migraciones/estadisticas-movimientos-migratorios,OBSERVED,"SCOPE MISMATCH, see 2019 row. Also DISPUTED whether Argentine nationals are included; disputed between sources."
