label,replicas,arrivals_mean,peak_offered_veh_h,booth_capacity_veh_h,rho_peak_hour,rho_daily_open_window,open_hours_per_day,mean_wait_total_min,median_wait_total_min,p95_wait_total_min,p99_wait_total_min,mean_wait_to_gate_min,p95_wait_to_gate_min,censored_fraction_mean,censored_fraction_worst,renege_fraction,max_queue_mean,max_q_upstream_mean,max_q_inside_mean,queue_at_horizon_mean,q_delta_last_quarters,q_slope_veh_per_h,throughput_veh_mean,never_served_fraction,persons_served_mean,persons_per_served_vehicle,frac_non_stationary,frac_unstable_offered_load,verdict,wait_stat_label,kind,detail,demand_source
winter_press 09:00-21:00,2,1094.5,27.036622583926754,120.0,0.2253051881993896,0.1845625,12.0,35.05974008311959,3.602746234905908,186.59560405628093,583.5205400578589,29.678868837321907,176.608182563255,0.0059332463858630755,0.0063006300630063005,0.020008633516412865,61.5,61.5,33.0,0.5,-1.3005224260958208,-0.9716152349179874,1072.5,0.020008633516412865,3422.5,3.191008515292575,1.0,0.0,NON-STATIONARY,CONDITIONAL STATISTIC: 2.61% of arrivals bailed (unstable offered load),hours regime,winter_press,
argentina 09:30-20:30,2,1070.5,27.036622583926754,120.0,0.2253051881993896,0.20134090909090907,11.0,45.89800490826219,3.875182038929779,225.47230667251037,699.8383496761692,39.58515873712994,214.11634865835424,0.009823189569406384,0.011320754716981131,0.032263103695041276,79.0,79.0,51.0,0.5,-0.2663098878695207,-1.19349457881568,1036.0,0.032263103695041276,3342.0,3.2254011741682973,1.0,0.0,NON-STATIONARY,CONDITIONAL STATISTIC: 3.58% of arrivals bailed (unstable offered load),hours regime,argentina_0930_2030,
argentina 24 h,2,1053.0,27.036622583926754,120.0,0.2253051881993896,0.09228125,24.0,3.513326930289716,3.0530225002239604,7.318888621268389,10.408751109909634,0.0,0.0,0.0,0.0,0.0,5.5,0.0,0.0,0.0,0.23761892626571524,-0.038087294968028956,1053.0,0.0,3359.0,3.1901650169184514,0.0,0.0,STATIONARY,equilibrium estimate,hours regime,argentina_24h,
"Feb 2026, 26 h closure, renege=on",1,23061.0,84.21057985757884,120.0,0.7017548321464903,0.2989953560371517,23.07142857142857,51.40249615402624,3.4914549876193632,29.58618688848642,1479.1263053326795,42.48211011667695,0.0,0.0,0.0,0.041715450327392566,1054.0,1054.0,185.0,0.0,0.31643996971734767,0.01040935121268391,22099.0,0.041715450327392566,70766.0,3.202226345083488,0.0,1.0,UNSTABLE OFFERED LOAD,CONDITIONAL STATISTIC: 4.17% of arrivals bailed (unstable offered load),dated closure,"Feb 2026, 26 h closure",MOP observed
"Feb 2026, 26 h closure, renege=off",1,23345.0,84.21057985757884,120.0,0.7017548321464903,0.2989953560371517,23.07142857142857,64.40589865629988,3.708593634355566,522.0983114345526,1486.9227686206882,53.12479741445591,421.152573148016,0.0,0.0,0.0,1069.0,1069.0,185.0,0.0,-0.32234424100930914,0.0016879817745490777,23345.0,0.0,74814.0,3.204711929749411,0.0,0.0,STATIONARY,equilibrium estimate,dated closure,"Feb 2026, 26 h closure",MOP observed
"Feb 2026, no closure, renege=on",1,22959.0,84.21057985757884,120.0,0.7017548321464903,0.28742708333333333,24.0,3.926167520635062,3.346559950357914,8.439349463234976,11.984514025648055,0.0,0.0,0.0,0.0,0.016028572673025827,21.0,0.0,6.0,0.0,0.18797131606883832,0.008183381914786937,22591.0,0.016028572673025827,72238.0,3.197645079899075,0.0,1.0,UNSTABLE OFFERED LOAD,CONDITIONAL STATISTIC: 1.60% of arrivals bailed (unstable offered load),dated closure,"Feb 2026, no closure",MOP observed
"Feb 2026, no closure, renege=off",1,23351.0,84.21057985757884,120.0,0.7017548321464903,0.28742708333333333,24.0,4.537943017594573,3.524733731068409,11.741786725926787,15.658750753081094,0.0,0.0,8.564943685495268e-05,8.564943685495268e-05,0.0,34.0,0.0,19.0,0.0,0.0692282153113486,0.011119998105358485,23351.0,0.0,74814.0,3.203888484433215,0.0,0.0,STATIONARY,equilibrium estimate,dated closure,"Feb 2026, no closure",MOP observed
"Aug 2026, 27-day closure, renege=on",1,31226.0,69.9571041030858,120.0,0.582975867525715,0.5969429976851851,9.6,114.26724300295818,3.359387964279449,1075.1731710099164,2314.3262532925846,103.67577537448271,976.5680333380063,0.0,0.0,0.5589572791904183,2055.0,2055.0,185.0,0.0,-1331.8623080170794,-0.0020553553081866715,13772.0,0.5589572791904183,43921.0,3.1891519024106882,0.0,1.0,UNSTABLE OFFERED LOAD,CONDITIONAL STATISTIC: 55.90% of arrivals bailed (unstable offered load),dated closure,"Aug 2026, 27-day closure",ASSUMPTION proxy 688/day
"Aug 2026, 27-day closure, renege=off",1,31209.0,69.9571041030858,120.0,0.582975867525715,0.5969429976851851,9.6,14585.970031526682,14355.900432031567,35225.04219120371,37482.264298884664,14508.504016649806,35124.02857187617,0.0,0.0,0.0,18253.0,18253.0,185.0,0.0,-8193.113368105343,-3.870135372203939,31209.0,0.0,100139.0,3.2086577589797813,0.0,0.0,STATIONARY,equilibrium estimate,dated closure,"Aug 2026, 27-day closure",ASSUMPTION proxy 688/day
"Aug 2026, 34-day closure, renege=on",1,37570.0,69.9571041030858,120.0,0.582975867525715,0.6253688547178129,9.163636363636364,100.01527024384326,3.3346684955758974,990.4887817096532,2290.377688947415,90.17475301190028,885.5309620023472,0.0,0.0,0.5933723715730637,2055.0,2055.0,185.0,0.0,-1295.5652094110676,-0.003237542173385782,15277.0,0.5933723715730637,48694.0,3.1874059043005825,0.0,1.0,UNSTABLE OFFERED LOAD,CONDITIONAL STATISTIC: 59.34% of arrivals bailed (unstable offered load),dated closure,"Aug 2026, 34-day closure",ASSUMPTION proxy 688/day
"Aug 2026, 34-day closure, renege=off",1,37419.0,69.9571041030858,120.0,0.582975867525715,0.6253688547178129,9.163636363636364,19481.708180569585,18406.75925815886,44845.606543578564,47549.037604113204,19398.761335133102,44731.95228917693,2.6724391351986957e-05,2.6724391351986957e-05,0.0,23068.0,23068.0,185.0,0.0,-9238.016401398541,-12.95278916541145,37419.0,0.0,119631.0,3.197065661829552,0.0,0.0,STATIONARY,equilibrium estimate,dated closure,"Aug 2026, 34-day closure",ASSUMPTION proxy 688/day
