label,replicas,arrivals_mean,peak_offered_veh_h,booth_capacity_veh_h,rho_peak_hour,rho_daily_open_window,open_hours_per_day,mean_wait_total_min,median_wait_total_min,p95_wait_total_min,p99_wait_total_min,mean_wait_to_gate_min,p95_wait_to_gate_min,censored_fraction_mean,censored_fraction_worst,renege_fraction,max_queue_mean,max_q_upstream_mean,max_q_inside_mean,queue_at_horizon_mean,q_delta_last_quarters,q_slope_veh_per_h,throughput_veh_mean,never_served_fraction,persons_served_mean,persons_per_served_vehicle,frac_non_stationary,frac_unstable_offered_load,verdict,wait_stat_label,patio,reneging
patio=15 reneging=off,2,7058.5,164.3550356052899,120.0,1.3696252967107492,0.5609756944444444,24.0,181.23439477851252,194.95192027834105,349.1761350089448,356.346873558329,174.5817824804784,342.1057526783502,0.02559071625788913,0.0305745164960182,0.0,719.5,704.5,0.0,173.5,221.40377663622527,-19.999352091817958,6885.0,0.024598990159312044,21986.0,3.193175692302603,1.0,0.0,NON-STATIONARY,"TRANSIENT WINDOW STATISTIC, NON-STATIONARY",15,False
patio=30 reneging=off,2,7058.5,164.3550356052899,120.0,1.3696252967107492,0.5609756944444444,24.0,181.23439477851252,194.95192027834105,349.1761350089448,356.346873558329,168.4890478866616,334.8748299425922,0.02559071625788913,0.0305745164960182,0.0,719.5,689.5,15.0,173.5,221.40377663622527,-19.999352091817958,6885.0,0.024598990159312044,21986.0,3.193175692302603,1.0,0.0,NON-STATIONARY,"TRANSIENT WINDOW STATISTIC, NON-STATIONARY",30,False
patio=60 reneging=off,2,7058.5,164.3550356052899,120.0,1.3696252967107492,0.5609756944444444,24.0,181.23439477851252,194.95192027834105,349.1761350089448,356.346873558329,156.74569040333495,320.24466584604505,0.02559071625788913,0.0305745164960182,0.0,719.5,659.5,45.0,173.5,221.40377663622527,-19.999352091817958,6885.0,0.024598990159312044,21986.0,3.193175692302603,1.0,0.0,NON-STATIONARY,"TRANSIENT WINDOW STATISTIC, NON-STATIONARY",60,False
patio=200 reneging=off,2,7058.5,164.3550356052899,120.0,1.3696252967107492,0.5609756944444444,24.0,181.23439477851252,194.95192027834105,349.1761350089448,356.346873558329,105.07502359148884,250.30953781546367,0.02559071625788913,0.0305745164960182,0.0,719.5,519.5,185.0,173.5,221.40377663622527,-19.999352091817958,6885.0,0.024598990159312044,21986.0,3.193175692302603,1.0,0.0,NON-STATIONARY,"TRANSIENT WINDOW STATISTIC, NON-STATIONARY",200,False
patio=600 reneging=off,2,7058.5,164.3550356052899,120.0,1.3696252967107492,0.5609756944444444,24.0,181.23439477851252,194.95192027834105,349.1761350089448,356.346873558329,6.992869850767703,49.99169609123331,0.02559071625788913,0.0305745164960182,0.0,719.5,119.5,585.0,173.5,221.40377663622527,-19.999352091817958,6885.0,0.024598990159312044,21986.0,3.193175692302603,1.0,0.0,NON-STATIONARY,"TRANSIENT WINDOW STATISTIC, NON-STATIONARY",600,False
patio=15 reneging=on,2,7100.0,164.3550356052899,120.0,1.3696252967107492,0.5609756944444444,24.0,9.297305826998713,9.246323150551348,17.91583213382429,21.27352570402379,3.703263639986321,9.759503081770523,7.122507122507122e-05,0.00014245014245014244,0.21261735272877336,56.5,41.5,0.0,0.0,0.6647165144596645,-3.7120510921880836,5590.0,0.21261735272877336,17909.0,3.203731161967143,0.0,1.0,UNSTABLE OFFERED LOAD,CONDITIONAL STATISTIC: 21.78% of arrivals bailed (unstable offered load),15,True
patio=30 reneging=on,2,7100.0,164.3550356052899,120.0,1.3696252967107492,0.5609756944444444,24.0,9.297305826998713,9.246323150551348,17.91583213382429,21.27352570402379,1.099546166032316,4.30293075523673,7.122507122507122e-05,0.00014245014245014244,0.21261735272877336,56.5,26.5,15.0,0.0,0.6647165144596645,-3.7120510921880836,5590.0,0.21261735272877336,17909.0,3.203731161967143,0.0,1.0,UNSTABLE OFFERED LOAD,CONDITIONAL STATISTIC: 21.78% of arrivals bailed (unstable offered load),30,True
patio=60 reneging=on,2,7100.0,164.3550356052899,120.0,1.3696252967107492,0.5609756944444444,24.0,9.297305826998713,9.246323150551348,17.91583213382429,21.27352570402379,2.632157062780341e-06,0.0,7.122507122507122e-05,0.00014245014245014244,0.21261735272877336,56.5,0.0,41.5,0.0,0.6647165144596645,-3.7120510921880836,5590.0,0.21261735272877336,17909.0,3.203731161967143,0.0,1.0,UNSTABLE OFFERED LOAD,CONDITIONAL STATISTIC: 21.78% of arrivals bailed (unstable offered load),60,True
patio=200 reneging=on,2,7100.0,164.3550356052899,120.0,1.3696252967107492,0.5609756944444444,24.0,9.297305826998713,9.246323150551348,17.91583213382429,21.27352570402379,0.0,0.0,7.122507122507122e-05,0.00014245014245014244,0.21261735272877336,56.5,0.0,41.5,0.0,0.6647165144596645,-3.7120510921880836,5590.0,0.21261735272877336,17909.0,3.203731161967143,0.0,1.0,UNSTABLE OFFERED LOAD,CONDITIONAL STATISTIC: 21.78% of arrivals bailed (unstable offered load),200,True
patio=600 reneging=on,2,7100.0,164.3550356052899,120.0,1.3696252967107492,0.5609756944444444,24.0,9.297305826998713,9.246323150551348,17.91583213382429,21.27352570402379,0.0,0.0,7.122507122507122e-05,0.00014245014245014244,0.21261735272877336,56.5,0.0,41.5,0.0,0.6647165144596645,-3.7120510921880836,5590.0,0.21261735272877336,17909.0,3.203731161967143,0.0,1.0,UNSTABLE OFFERED LOAD,CONDITIONAL STATISTIC: 21.78% of arrivals bailed (unstable offered load),600,True
