label,replicas,arrivals_mean,peak_offered_veh_h,booth_capacity_veh_h,rho_peak_hour,rho_daily_open_window,open_hours_per_day,mean_wait_total_min,median_wait_total_min,p95_wait_total_min,p99_wait_total_min,mean_wait_to_gate_min,p95_wait_to_gate_min,censored_fraction_mean,censored_fraction_worst,renege_fraction,max_queue_mean,max_q_upstream_mean,max_q_inside_mean,queue_at_horizon_mean,q_delta_last_quarters,q_slope_veh_per_h,throughput_veh_mean,never_served_fraction,persons_served_mean,persons_per_served_vehicle,frac_non_stationary,frac_unstable_offered_load,verdict,wait_stat_label,peak_rate_veh_h
peak=60,2,2937.5,60.0,120.0,0.5,0.20479166666666665,24.0,3.535436368887387,3.0084662692923985,7.543341180447271,10.6692770221085,0.0,0.0,0.00017247326664367022,0.00034494653328734045,0.001193925324639197,10.0,0.0,0.0,0.0,0.10951867816091965,0.02796410014170992,2934.0,0.001193925324639197,9404.5,3.205362424166375,0.0,0.0,STATIONARY,equilibrium estimate,60.0
peak=80,2,3963.0,80.0,120.0,0.6666666666666666,0.27305555555555555,24.0,3.629108630899057,3.1229411388729886,7.665139938058786,11.238385694214067,0.0,0.0,0.0,0.0,0.0025142430259604107,12.0,0.0,0.0,0.0,0.11439176245210714,0.02762163438828521,3953.0,0.0025142430259604107,12661.0,3.2029190113450126,0.0,0.0,STATIONARY,equilibrium estimate,80.0
peak=100,2,4919.0,100.0,120.0,0.8333333333333334,0.34131944444444445,24.0,3.7301858231553586,3.235857081802351,7.89800600754679,11.191712307291958,0.0,0.0,0.0002033629509828727,0.00020712510356255177,0.0075357156441053265,17.5,0.0,3.0,0.0,-0.00378352490421463,0.033986773736419354,4882.0,0.0075357156441053265,15639.5,3.2034301825034186,0.0,0.0,STATIONARY,equilibrium estimate,100.0
peak=110,2,5406.0,110.0,120.0,0.9166666666666666,0.37545138888888885,24.0,3.9856411586698934,3.4812366924534217,8.341618380377678,12.03260551052081,0.0,0.0,9.28332714444857e-05,0.0001856665428889714,0.015355574355652237,19.0,0.0,4.0,0.0,-0.03421934865900389,0.04283183750590454,5323.0,0.015355574355652237,17043.0,3.2016925721223415,0.0,1.0,UNSTABLE OFFERED LOAD,CONDITIONAL STATISTIC: 1.47% of arrivals bailed (unstable offered load),110.0
peak=120,2,5845.0,120.0,120.0,1.0,0.4095833333333333,24.0,4.211058905773171,3.609276910944061,8.946628804555381,12.613758419898796,0.0,0.0,0.0,0.0,0.023610368289254988,21.5,0.0,6.5,0.0,-0.3102490421455939,0.03226263580538487,5707.0,0.023610368289254988,18219.0,3.1924290872660044,0.0,1.0,UNSTABLE OFFERED LOAD,CONDITIONAL STATISTIC: 2.45% of arrivals bailed (unstable offered load),120.0
peak=130,2,6383.0,130.0,120.0,1.0833333333333333,0.4437152777777778,24.0,4.456139548574704,3.8884750153538334,9.459776249037258,12.476055126494417,0.0,0.0,0.00015566625155666251,0.00031133250311332503,0.03734779954388954,25.5,0.0,10.5,0.0,-0.008991858237547667,0.05752243741143123,6144.5,0.03734779954388954,19720.0,3.2092998681424305,0.0,1.0,UNSTABLE OFFERED LOAD,CONDITIONAL STATISTIC: 4.00% of arrivals bailed (unstable offered load),130.0
peak=140,2,6858.5,140.0,120.0,1.1666666666666667,0.47784722222222226,24.0,5.002559517434323,4.337972023392467,10.735906984126203,14.131128586663142,0.0,0.0,7.392075694855116e-05,0.00014784151389710232,0.05878199217641335,28.5,0.0,13.5,0.0,0.11775622605363978,0.0444260746339158,6455.0,0.05878199217641335,20603.5,3.1919278766982515,0.0,1.0,UNSTABLE OFFERED LOAD,CONDITIONAL STATISTIC: 6.24% of arrivals bailed (unstable offered load),140.0
peak=160,2,7779.0,160.0,120.0,1.3333333333333333,0.5461111111111111,24.0,6.024350873866463,5.226574802012124,12.833234504850271,16.43810236517743,0.0,0.0,6.336332530731213e-05,0.00012672665061462426,0.10466694072592735,34.5,0.0,19.5,0.0,0.12156369731800787,0.041072272083136296,6964.0,0.10466694072592735,22285.0,3.2001428551662285,0.0,1.0,UNSTABLE OFFERED LOAD,CONDITIONAL STATISTIC: 9.76% of arrivals bailed (unstable offered load),160.0
peak=200,2,9718.5,200.0,120.0,1.6666666666666667,0.6826388888888889,24.0,7.686812212401563,7.091571082894006,15.303551899708005,18.557245323575977,0.0,0.0,0.00010289653780387142,0.00010290183165260341,0.19380579570982687,43.5,0.0,28.5,0.0,-0.3537116858237557,0.08234529995276307,7835.0,0.19380579570982687,25140.5,3.2087059028135654,0.0,1.0,UNSTABLE OFFERED LOAD,CONDITIONAL STATISTIC: 19.71% of arrivals bailed (unstable offered load),200.0
peak=280,2,13657.5,280.0,120.0,2.3333333333333335,0.9556944444444445,24.0,10.258373618520231,10.87809987537662,18.75962437636781,21.97959433985104,0.0,0.0,3.658982802780827e-05,7.317965605561654e-05,0.3559204352179105,65.5,0.0,50.5,0.0,-0.4729525862068966,0.1526570618800182,8796.5,0.3559204352179105,28181.5,3.2037266792492654,0.0,1.0,UNSTABLE OFFERED LOAD,CONDITIONAL STATISTIC: 35.81% of arrivals bailed (unstable offered load),280.0
peak=400,2,19546.0,400.0,120.0,3.3333333333333335,1.3652777777777778,24.0,12.303296263528829,13.888329739270716,21.08490182605651,24.270305541612117,0.0,0.0,0.00010234106139875534,0.00015353907569476432,0.5018148177926407,83.0,0.0,68.0,0.0,-0.19721024904214524,0.3402456306093521,9737.5,0.5018148177926407,31021.0,3.1857564139808607,0.0,1.0,UNSTABLE OFFERED LOAD,CONDITIONAL STATISTIC: 50.58% of arrivals bailed (unstable offered load),400.0
peak=550,2,26982.0,550.0,120.0,4.583333333333333,1.8772569444444445,24.0,13.63927175812131,15.617719497617145,22.187226125607523,25.443287383362158,0.0,0.0,5.5745503196075515e-05,0.00011149100639215103,0.6139068261769719,102.5,0.0,87.5,0.0,-0.08600335249042246,0.5147968823807265,10417.5,0.6139068261769719,33367.0,3.2029773962300014,0.0,1.0,UNSTABLE OFFERED LOAD,CONDITIONAL STATISTIC: 61.48% of arrivals bailed (unstable offered load),550.0
peak=700,2,34261.5,700.0,120.0,5.833333333333333,2.389236111111111,24.0,14.493395509013775,16.460463475336155,22.790758718077583,26.26798567435474,0.0,0.0,7.327782529618752e-05,0.00011757098348127682,0.6805461401865447,114.5,0.0,99.5,0.0,-0.47485632183908066,0.7194615021256482,10944.5,0.6805461401865447,35060.0,3.20344197403967,0.0,1.0,UNSTABLE OFFERED LOAD,CONDITIONAL STATISTIC: 68.25% of arrivals bailed (unstable offered load),700.0
